dow,spikes,median_mag_pct
0,106,4.784963527314801
1,146,4.290368417272439
2,112,4.53679210907354
3,166,4.656305390106564
4,123,4.339298847756812
5,74,4.733249365316372
6,75,5.291479820627787
