session,spikes,median_mag_pct
Asia,239,4.51559934318555
Europe,193,4.69581309275966
US,284,4.381634074301354
Other,86,4.81483638842366
