high_vol,spikes,median_mag_pct
False,520,4.3915559090109575
True,282,4.7269409216771585
